<?xml version="1.0" encoding="UTF-8"?>
<jcr:root xmlns:sling="http://sling.apache.org/jcr/sling/1.0" xmlns:cq="http://www.day.com/jcr/cq/1.0" xmlns:jcr="http://www.jcp.org/jcr/1.0" xmlns:nt="http://www.jcp.org/jcr/nt/1.0" xmlns:rep="internal"
    jcr:mixinTypes="[rep:AccessControllable]"
    jcr:primaryType="cq:Page">
    <rep:policy/>
    <wcm jcr:primaryType="nt:unstructured">
        <foundation jcr:primaryType="nt:unstructured">
            <components jcr:primaryType="nt:unstructured">
                <responsivegrid jcr:primaryType="nt:unstructured">
                    <content-default
                        jcr:description="Policy for editable layout containers"
                        jcr:lastModified="{Date}2020-04-20T22:03:15.067+05:30"
                        jcr:lastModifiedBy="admin"
                        jcr:primaryType="nt:unstructured"
                        jcr:title="templateexercise Default"
                        sling:resourceType="wcm/core/components/policy/policy"
                        components="[group:General,group:TemplateExercise,/apps/TemplateExercise/components/form/container]"
                        policyResourceType="wcm/foundation/components/responsivegrid">
                        <cq:authoring jcr:primaryType="nt:unstructured">
                            <assetToComponentMapping jcr:primaryType="nt:unstructured">
                                <image
                                    jcr:primaryType="nt:unstructured"
                                    assetGroup="media"
                                    assetMimetype="image/*"
                                    droptarget="image"
                                    resourceType="TemplateExercise/components/content/image"
                                    type="Images"/>
                            </assetToComponentMapping>
                        </cq:authoring>
                        <jcr:content
                            jcr:primaryType="nt:unstructured"
                            mergeList="{Boolean}true"/>
                    </content-default>
                    <policy_79344178861325
                        jcr:lastModified="{Date}2020-04-20T21:57:07.178+05:30"
                        jcr:lastModifiedBy="admin"
                        jcr:primaryType="nt:unstructured"
                        jcr:title="firstpolicy"
                        sling:resourceType="wcm/core/components/policy/policy"
                        components="group:General">
                        <jcr:content jcr:primaryType="nt:unstructured"/>
                    </policy_79344178861325>
                </responsivegrid>
                <image jcr:primaryType="nt:unstructured">
                    <policy_1587400159538
                        jcr:lastModified="{Date}2020-04-20T22:04:53.067+05:30"
                        jcr:lastModifiedBy="admin"
                        jcr:primaryType="nt:unstructured"
                        jcr:title="imagepolicy"
                        sling:resourceType="wcm/core/components/policy/policy"
                        allowUpload="true"
                        maxHeight="199"
                        maxWidth="200"
                        minHeight="200"
                        minWidth="200">
                        <jcr:content jcr:primaryType="nt:unstructured"/>
                        <plugins jcr:primaryType="nt:unstructured">
                            <crop
                                jcr:primaryType="nt:unstructured"
                                features="*">
                                <aspectRatios
                                    jcr:primaryType="nt:unstructured"
                                    override="true">
                                    <item0
                                        jcr:primaryType="nt:unstructured"
                                        name="Wide Landscape"
                                        ratio="0.8284"/>
                                    <item1
                                        jcr:primaryType="nt:unstructured"
                                        name="Landscape"
                                        ratio="0.6180"/>
                                    <item2
                                        jcr:primaryType="nt:unstructured"
                                        name="Square"
                                        ratio="1"/>
                                    <item3
                                        jcr:primaryType="nt:unstructured"
                                        name="Portrait"
                                        ratio="1.6180"/>
                                </aspectRatios>
                            </crop>
                            <rotate
                                jcr:primaryType="nt:unstructured"
                                features="right"/>
                            <flip
                                jcr:primaryType="nt:unstructured"
                                features="-"/>
                            <map
                                jcr:primaryType="nt:unstructured"
                                features="rectangle,launch,unlaunch,confirm,circle,polygon"/>
                        </plugins>
                    </policy_1587400159538>
                </image>
            </components>
        </foundation>
    </wcm>
    <TemplateExercise jcr:primaryType="nt:unstructured">
        <components jcr:primaryType="nt:unstructured">
            <form jcr:primaryType="nt:unstructured">
                <container jcr:primaryType="nt:unstructured">
                    <form-container
                        jcr:primaryType="nt:unstructured"
                        jcr:title="templateexercise Form"
                        sling:resourceType="wcm/core/components/policy/policy"
                        components="[/apps/TemplateExercise/components/form/button,/apps/TemplateExercise/components/form/hidden,/apps/TemplateExercise/components/form/options,/apps/TemplateExercise/components/form/text]">
                        <jcr:content jcr:primaryType="nt:unstructured"/>
                    </form-container>
                </container>
            </form>
            <content jcr:primaryType="nt:unstructured">
                <image jcr:primaryType="nt:unstructured"/>
                <text jcr:primaryType="nt:unstructured">
                    <policy_1587368469446
                        jcr:lastModified="{Date}2020-04-20T13:15:31.180+05:30"
                        jcr:lastModifiedBy="admin"
                        jcr:primaryType="nt:unstructured"
                        jcr:title="textpolicy"
                        sling:resourceType="wcm/core/components/policy/policy">
                        <jcr:content jcr:primaryType="nt:unstructured"/>
                        <rtePlugins jcr:primaryType="nt:unstructured">
                            <paraformat
                                jcr:primaryType="nt:unstructured"
                                features="-">
                                <formats
                                    jcr:primaryType="nt:unstructured"
                                    override="true">
                                    <item0
                                        jcr:primaryType="nt:unstructured"
                                        description="Paragraph"
                                        tag="p"/>
                                    <item1
                                        jcr:primaryType="nt:unstructured"
                                        description="Heading 1"
                                        tag="h1"/>
                                    <item2
                                        jcr:primaryType="nt:unstructured"
                                        description="Heading 2"
                                        tag="h2"/>
                                    <item3
                                        jcr:primaryType="nt:unstructured"
                                        description="Heading 3"
                                        tag="h3"/>
                                    <item4
                                        jcr:primaryType="nt:unstructured"
                                        description="Heading 4"
                                        tag="h4"/>
                                    <item5
                                        jcr:primaryType="nt:unstructured"
                                        description="Heading 5"
                                        tag="h5"/>
                                    <item6
                                        jcr:primaryType="nt:unstructured"
                                        description="Heading 6"
                                        tag="h6"/>
                                    <item7
                                        jcr:primaryType="nt:unstructured"
                                        description="Quote"
                                        tag="blockquote"/>
                                    <item8
                                        jcr:primaryType="nt:unstructured"
                                        description="Horizontal Rule (visual line break)"
                                        tag="hr"/>
                                    <item9
                                        jcr:primaryType="nt:unstructured"
                                        description="Preformatted"
                                        tag="pre"/>
                                </formats>
                            </paraformat>
                            <misctools
                                jcr:primaryType="nt:unstructured"
                                features="specialchars">
                                <specialCharsConfig jcr:primaryType="nt:unstructured">
                                    <chars
                                        jcr:primaryType="nt:unstructured"
                                        override="true">
                                        <item0
                                            jcr:primaryType="nt:unstructured"
                                            entity="&amp;copy;"
                                            name="copyright"/>
                                        <item1
                                            jcr:primaryType="nt:unstructured"
                                            entity="&amp;euro;"
                                            name="euro"/>
                                        <item2
                                            jcr:primaryType="nt:unstructured"
                                            entity="&amp;reg;"
                                            name="registered"/>
                                        <item3
                                            jcr:primaryType="nt:unstructured"
                                            entity="&amp;trade;"
                                            name="trademark"/>
                                    </chars>
                                </specialCharsConfig>
                            </misctools>
                            <edit
                                jcr:primaryType="nt:unstructured"
                                features="-"/>
                            <undo
                                jcr:primaryType="nt:unstructured"
                                features="-"/>
                            <spellcheck
                                jcr:primaryType="nt:unstructured"
                                features="-"/>
                            <image
                                jcr:primaryType="nt:unstructured"
                                features="-"/>
                            <table
                                jcr:primaryType="nt:unstructured"
                                features="-"/>
                            <lists
                                jcr:primaryType="nt:unstructured"
                                features="*"/>
                            <justify
                                jcr:primaryType="nt:unstructured"
                                features="-"/>
                            <format
                                jcr:primaryType="nt:unstructured"
                                features="bold,italic"/>
                            <links
                                jcr:primaryType="nt:unstructured"
                                features="modifylink,unlink"/>
                            <subsuperscript
                                jcr:primaryType="nt:unstructured"
                                features="-"/>
                            <findreplace
                                jcr:primaryType="nt:unstructured"
                                features="*"/>
                        </rtePlugins>
                    </policy_1587368469446>
                </text>
            </content>
            <structure jcr:primaryType="nt:unstructured">
                <page jcr:primaryType="nt:unstructured"/>
            </structure>
        </components>
    </TemplateExercise>
</jcr:root>
